{
  "params_m": 11.181526,
  "latency_ms_per_forward": 2858.4017753601074
}