{
  "accuracy": 0.9721212121212122,
  "f1_macro": 0.9721067015293454,
  "f1_weighted": 0.9721067015293455,
  "per_class_f1": [
    0.9659863945578231,
    0.9702970297029703,
    0.9391891891891891,
    0.9798657718120806,
    0.9802631578947368,
    0.9731543624161074,
    0.9690721649484536,
    0.9865771812080537,
    0.9706840390879479,
    0.9733333333333334,
    0.9771986970684039,
    0.9456869009584664,
    0.9900990099009901,
    0.9832775919732442,
    0.9865771812080537,
    0.9865771812080537,
    0.9834983498349835,
    0.962457337883959,
    0.9488054607508533,
    0.9666666666666667,
    0.9704918032786886,
    0.9765886287625418
  ],
  "confusion_matrix": [
    [
      142,
      2,
      2,
      1,
      1,
      0,
      0,
      0,
      0,
      1,
      0,
      0,
      0,
      0,
      0,
      0,
      0,
      0,
      0,
      0,
      1,
      0
    ],
    [
      1,
      147,
      0,
      0,
      0,
      0,
      0,
      0,
      2,
      0,
      0,
      0,
      0,
      0,
      0,
      0,
      0,
      0,
      0,
      0,
      0,
      0
    ],
    [
      0,
      0,
      139,
      0,
      1,
      0,
      0,
      0,
      4,
      0,
      2,
      2,
      0,
      0,
      0,
      0,
      0,
      0,
      0,
      2,
      0,
      0
    ],
    [
      0,
      0,
      0,
      146,
      0,
      2,
      0,
      0,
      0,
      0,
      1,
      0,
      1,
      0,
      0,
      0,
      0,
      0,
      0,
      0,
      0,
      0
    ],
    [
      0,
      0,
      0,
      0,
      149,
      1,
      0,
      0,
      0,
      0,
      0,
      0,
      0,
      0,
      0,
      0,
      0,
      0,
      0,
      0,
      0,
      0
    ],
    [
      0,
      1,
      0,
      0,
      1,
      145,
      0,
      0,
      0,
      0,
      0,
      1,
      0,
      1,
      0,
      0,
      0,
      0,
      1,
      0,
      0,
      0
    ],
    [
      0,
      2,
      2,
      0,
      0,
      0,
      141,
      0,
      0,
      0,
      0,
      0,
      0,
      0,
      0,
      0,
      2,
      1,
      0,
      0,
      0,
      2
    ],
    [
      0,
      0,
      1,
      0,
      0,
      0,
      0,
      147,
      0,
      0,
      1,
      0,
      0,
      0,
      0,
      0,
      0,
      0,
      0,
      1,
      0,
      0
    ],
    [
      0,
      0,
      0,
      0,
      0,
      0,
      0,
      0,
      149,
      0,
      0,
      0,
      0,
      0,
      0,
      0,
      0,
      0,
      0,
      1,
      0,
      0
    ],
    [
      0,
      0,
      0,
      0,
      0,
      0,
      0,
      0,
      0,
      146,
      1,
      1,
      0,
      0,
      0,
      1,
      0,
      0,
      0,
      1,
      0,
      0
    ],
    [
      0,
      0,
      0,
      0,
      0,
      0,
      0,
      0,
      0,
      0,
      150,
      0,
      0,
      0,
      0,
      0,
      0,
      0,
      0,
      0,
      0,
      0
    ],
    [
      0,
      0,
      0,
      0,
      0,
      0,
      0,
      0,
      0,
      0,
      0,
      148,
      1,
      0,
      0,
      0,
      0,
      0,
      1,
      0,
      0,
      0
    ],
    [
      0,
      0,
      0,
      0,
      0,
      0,
      0,
      0,
      0,
      0,
      0,
      0,
      150,
      0,
      0,
      0,
      0,
      0,
      0,
      0,
      0,
      0
    ],
    [
      0,
      0,
      0,
      0,
      0,
      0,
      0,
      1,
      0,
      0,
      0,
      0,
      0,
      147,
      0,
      0,
      0,
      0,
      0,
      0,
      2,
      0
    ],
    [
      1,
      0,
      0,
      0,
      0,
      0,
      0,
      0,
      0,
      0,
      0,
      1,
      0,
      1,
      147,
      0,
      0,
      0,
      0,
      0,
      0,
      0
    ],
    [
      0,
      0,
      0,
      0,
      1,
      0,
      0,
      0,
      1,
      0,
      0,
      0,
      0,
      0,
      0,
      147,
      0,
      1,
      0,
      0,
      0,
      0
    ],
    [
      0,
      0,
      0,
      0,
      1,
      0,
      0,
      0,
      0,
      0,
      0,
      0,
      0,
      0,
      0,
      0,
      149,
      0,
      0,
      0,
      0,
      0
    ],
    [
      0,
      0,
      0,
      0,
      0,
      0,
      0,
      0,
      0,
      0,
      2,
      6,
      0,
      0,
      1,
      0,
      0,
      141,
      0,
      0,
      0,
      0
    ],
    [
      0,
      1,
      1,
      0,
      0,
      0,
      0,
      0,
      0,
      3,
      0,
      1,
      1,
      0,
      0,
      0,
      0,
      0,
      139,
      0,
      4,
      0
    ],
    [
      0,
      0,
      0,
      1,
      0,
      0,
      0,
      0,
      1,
      0,
      0,
      2,
      0,
      0,
      0,
      0,
      0,
      0,
      0,
      145,
      0,
      1
    ],
    [
      0,
      0,
      0,
      0,
      0,
      0,
      0,
      0,
      0,
      0,
      0,
      0,
      0,
      0,
      0,
      0,
      0,
      0,
      2,
      0,
      148,
      0
    ],
    [
      0,
      0,
      1,
      0,
      0,
      0,
      0,
      0,
      0,
      0,
      0,
      1,
      0,
      0,
      0,
      0,
      2,
      0,
      0,
      0,
      0,
      146
    ]
  ],
  "classification_report_text": "                      precision    recall  f1-score   support\n\n             Bahrain     0.9861    0.9467    0.9660       150\n              Kuwait     0.9608    0.9800    0.9703       150\n                Oman     0.9521    0.9267    0.9392       150\n               Qatar     0.9865    0.9733    0.9799       150\n        Saudi_Arabia     0.9675    0.9933    0.9803       150\nUnited_Arab_Emirates     0.9797    0.9667    0.9732       150\n               Yemen     1.0000    0.9400    0.9691       150\n                Iraq     0.9932    0.9800    0.9866       150\n              Jordan     0.9490    0.9933    0.9707       150\n             Lebanon     0.9733    0.9733    0.9733       150\n           Palestine     0.9554    1.0000    0.9772       150\n               Syria     0.9080    0.9867    0.9457       150\n             Algeria     0.9804    1.0000    0.9901       150\n               Libya     0.9866    0.9800    0.9833       150\n          Mauritania     0.9932    0.9800    0.9866       150\n             Morocco     0.9932    0.9800    0.9866       150\n             Tunisia     0.9739    0.9933    0.9835       150\n             Comoros     0.9860    0.9400    0.9625       150\n            Djibouti     0.9720    0.9267    0.9488       150\n               Egypt     0.9667    0.9667    0.9667       150\n             Somalia     0.9548    0.9867    0.9705       150\n               Sudan     0.9799    0.9733    0.9766       150\n\n            accuracy                         0.9721      3300\n           macro avg     0.9727    0.9721    0.9721      3300\n        weighted avg     0.9727    0.9721    0.9721      3300\n",
  "window": "3s_center"
}