{
  "params_m": 0.424534,
  "latency_ms_per_forward": 67.42498874664307
}