{
  "accuracy": 0.7915151515151515,
  "f1_macro": 0.7908494112856013,
  "f1_weighted": 0.7908494112856012,
  "per_class_f1": [
    0.8299319727891157,
    0.7333333333333333,
    0.762962962962963,
    0.8299319727891157,
    0.8343949044585988,
    0.7668711656441718,
    0.7148014440433214,
    0.7261538461538461,
    0.7739463601532567,
    0.8142857142857143,
    0.8327645051194539,
    0.7284768211920529,
    0.8932038834951457,
    0.8469055374592834,
    0.7676767676767676,
    0.9022082018927445,
    0.8115942028985508,
    0.7682539682539683,
    0.7526132404181185,
    0.7692307692307693,
    0.7588424437299035,
    0.7803030303030303
  ],
  "confusion_matrix": [
    [
      122,
      3,
      2,
      0,
      2,
      0,
      0,
      3,
      0,
      1,
      1,
      7,
      0,
      1,
      1,
      0,
      3,
      1,
      0,
      0,
      3,
      0
    ],
    [
      2,
      110,
      0,
      2,
      5,
      1,
      3,
      5,
      1,
      1,
      0,
      0,
      3,
      0,
      4,
      5,
      6,
      1,
      0,
      0,
      1,
      0
    ],
    [
      4,
      2,
      103,
      3,
      0,
      0,
      3,
      8,
      1,
      1,
      2,
      8,
      0,
      0,
      2,
      1,
      4,
      2,
      0,
      6,
      0,
      0
    ],
    [
      2,
      0,
      3,
      122,
      0,
      7,
      0,
      2,
      1,
      0,
      1,
      1,
      5,
      0,
      2,
      1,
      2,
      0,
      1,
      0,
      0,
      0
    ],
    [
      2,
      1,
      0,
      1,
      131,
      0,
      0,
      1,
      0,
      0,
      2,
      0,
      0,
      2,
      3,
      0,
      1,
      1,
      2,
      1,
      2,
      0
    ],
    [
      0,
      0,
      0,
      4,
      0,
      125,
      0,
      0,
      0,
      1,
      1,
      2,
      0,
      1,
      1,
      0,
      5,
      4,
      2,
      2,
      2,
      0
    ],
    [
      1,
      7,
      1,
      1,
      0,
      8,
      99,
      12,
      0,
      2,
      2,
      3,
      0,
      0,
      2,
      0,
      0,
      2,
      2,
      1,
      2,
      5
    ],
    [
      0,
      1,
      3,
      0,
      1,
      3,
      2,
      118,
      0,
      0,
      2,
      2,
      1,
      1,
      1,
      0,
      4,
      0,
      0,
      9,
      1,
      1
    ],
    [
      0,
      3,
      3,
      0,
      1,
      2,
      1,
      3,
      101,
      0,
      0,
      4,
      2,
      0,
      0,
      7,
      6,
      4,
      0,
      10,
      3,
      0
    ],
    [
      3,
      0,
      1,
      2,
      0,
      2,
      0,
      0,
      0,
      114,
      1,
      0,
      5,
      6,
      1,
      4,
      6,
      1,
      4,
      0,
      0,
      0
    ],
    [
      3,
      2,
      0,
      0,
      3,
      1,
      0,
      5,
      0,
      1,
      122,
      0,
      0,
      2,
      3,
      0,
      0,
      1,
      2,
      0,
      5,
      0
    ],
    [
      2,
      6,
      0,
      4,
      1,
      4,
      3,
      6,
      1,
      0,
      1,
      110,
      0,
      2,
      0,
      0,
      1,
      4,
      1,
      0,
      0,
      4
    ],
    [
      0,
      2,
      0,
      2,
      3,
      1,
      0,
      0,
      0,
      0,
      0,
      1,
      138,
      0,
      0,
      0,
      2,
      0,
      0,
      1,
      0,
      0
    ],
    [
      1,
      0,
      0,
      0,
      3,
      1,
      0,
      0,
      0,
      2,
      1,
      1,
      0,
      130,
      2,
      0,
      1,
      6,
      0,
      2,
      0,
      0
    ],
    [
      1,
      3,
      2,
      3,
      7,
      1,
      2,
      1,
      0,
      0,
      4,
      0,
      0,
      4,
      114,
      1,
      2,
      0,
      1,
      2,
      1,
      1
    ],
    [
      0,
      4,
      0,
      0,
      0,
      1,
      0,
      0,
      0,
      1,
      0,
      0,
      0,
      0,
      0,
      143,
      0,
      0,
      0,
      0,
      1,
      0
    ],
    [
      0,
      0,
      0,
      0,
      0,
      2,
      0,
      0,
      0,
      0,
      0,
      0,
      4,
      2,
      0,
      1,
      140,
      0,
      0,
      1,
      0,
      0
    ],
    [
      0,
      1,
      0,
      0,
      0,
      3,
      0,
      0,
      1,
      1,
      3,
      5,
      0,
      2,
      0,
      3,
      0,
      121,
      0,
      4,
      6,
      0
    ],
    [
      0,
      5,
      0,
      0,
      7,
      1,
      0,
      0,
      0,
      4,
      0,
      0,
      0,
      0,
      8,
      0,
      2,
      2,
      108,
      2,
      11,
      0
    ],
    [
      0,
      0,
      1,
      0,
      0,
      5,
      1,
      4,
      4,
      0,
      0,
      2,
      0,
      2,
      0,
      1,
      2,
      5,
      0,
      120,
      3,
      0
    ],
    [
      0,
      0,
      0,
      0,
      0,
      1,
      1,
      0,
      1,
      1,
      0,
      1,
      0,
      0,
      0,
      0,
      7,
      5,
      14,
      1,
      118,
      0
    ],
    [
      1,
      0,
      1,
      0,
      0,
      7,
      12,
      7,
      0,
      0,
      0,
      5,
      1,
      2,
      3,
      0,
      1,
      5,
      0,
      0,
      2,
      103
    ]
  ],
  "classification_report_text": "                      precision    recall  f1-score   support\n\n             Bahrain     0.8472    0.8133    0.8299       150\n              Kuwait     0.7333    0.7333    0.7333       150\n                Oman     0.8583    0.6867    0.7630       150\n               Qatar     0.8472    0.8133    0.8299       150\n        Saudi Arabia     0.7988    0.8733    0.8344       150\nUnited Arab Emirates     0.7102    0.8333    0.7669       150\n               Yemen     0.7795    0.6600    0.7148       150\n                Iraq     0.6743    0.7867    0.7262       150\n              Jordan     0.9099    0.6733    0.7739       150\n             Lebanon     0.8769    0.7600    0.8143       150\n           Palestine     0.8531    0.8133    0.8328       150\n               Syria     0.7237    0.7333    0.7285       150\n             Algeria     0.8679    0.9200    0.8932       150\n               Libya     0.8280    0.8667    0.8469       150\n          Mauritania     0.7755    0.7600    0.7677       150\n             Morocco     0.8563    0.9533    0.9022       150\n             Tunisia     0.7179    0.9333    0.8116       150\n             Comoros     0.7333    0.8067    0.7683       150\n            Djibouti     0.7883    0.7200    0.7526       150\n               Egypt     0.7407    0.8000    0.7692       150\n             Somalia     0.7329    0.7867    0.7588       150\n               Sudan     0.9035    0.6867    0.7803       150\n\n            accuracy                         0.7915      3300\n           macro avg     0.7981    0.7915    0.7908      3300\n        weighted avg     0.7981    0.7915    0.7908      3300\n",
  "window": "3s_center"
}