{
  "accuracy": 0.883030303030303,
  "f1_macro": 0.8831230314054447,
  "f1_weighted": 0.8831230314054448,
  "per_class_f1": [
    0.9324324324324325,
    0.9061488673139159,
    0.8934707903780069,
    0.9225589225589226,
    0.9210526315789473,
    0.86084142394822,
    0.7958477508650519,
    0.8092485549132948,
    0.8561151079136691,
    0.9283276450511946,
    0.9205298013245033,
    0.8361204013377926,
    0.9511400651465798,
    0.952054794520548,
    0.8424657534246576,
    0.9419354838709677,
    0.8923076923076924,
    0.825503355704698,
    0.8811188811188811,
    0.8360128617363344,
    0.8716216216216216,
    0.8518518518518519
  ],
  "confusion_matrix": [
    [
      138,
      2,
      3,
      0,
      0,
      0,
      0,
      1,
      0,
      0,
      0,
      4,
      0,
      0,
      0,
      0,
      1,
      1,
      0,
      0,
      0,
      0
    ],
    [
      0,
      140,
      0,
      0,
      2,
      0,
      0,
      2,
      0,
      0,
      0,
      0,
      1,
      0,
      2,
      1,
      2,
      0,
      0,
      0,
      0,
      0
    ],
    [
      0,
      0,
      130,
      2,
      1,
      0,
      0,
      6,
      3,
      0,
      1,
      3,
      0,
      0,
      0,
      1,
      0,
      0,
      0,
      3,
      0,
      0
    ],
    [
      0,
      0,
      1,
      137,
      0,
      4,
      0,
      1,
      0,
      0,
      2,
      1,
      2,
      0,
      0,
      1,
      0,
      0,
      0,
      1,
      0,
      0
    ],
    [
      0,
      0,
      0,
      0,
      140,
      1,
      0,
      3,
      0,
      0,
      2,
      0,
      0,
      0,
      0,
      0,
      1,
      1,
      0,
      0,
      2,
      0
    ],
    [
      0,
      0,
      0,
      2,
      1,
      133,
      2,
      0,
      0,
      3,
      0,
      0,
      0,
      1,
      3,
      0,
      2,
      2,
      1,
      0,
      0,
      0
    ],
    [
      0,
      6,
      1,
      0,
      0,
      6,
      115,
      9,
      0,
      2,
      0,
      1,
      1,
      0,
      0,
      1,
      0,
      1,
      0,
      5,
      0,
      2
    ],
    [
      1,
      0,
      1,
      0,
      1,
      0,
      0,
      140,
      0,
      0,
      1,
      0,
      3,
      0,
      0,
      0,
      1,
      0,
      0,
      2,
      0,
      0
    ],
    [
      1,
      2,
      1,
      0,
      0,
      1,
      3,
      1,
      119,
      0,
      0,
      1,
      2,
      0,
      0,
      2,
      8,
      1,
      0,
      8,
      0,
      0
    ],
    [
      1,
      0,
      0,
      1,
      0,
      0,
      0,
      1,
      0,
      136,
      0,
      0,
      1,
      0,
      0,
      3,
      4,
      1,
      1,
      0,
      1,
      0
    ],
    [
      0,
      0,
      0,
      0,
      0,
      0,
      2,
      3,
      0,
      0,
      139,
      1,
      0,
      0,
      2,
      0,
      0,
      2,
      0,
      1,
      0,
      0
    ],
    [
      2,
      2,
      1,
      0,
      0,
      1,
      1,
      12,
      0,
      0,
      0,
      125,
      0,
      0,
      0,
      0,
      1,
      5,
      0,
      0,
      0,
      0
    ],
    [
      0,
      1,
      0,
      1,
      0,
      0,
      0,
      0,
      0,
      0,
      0,
      1,
      146,
      0,
      0,
      0,
      1,
      0,
      0,
      0,
      0,
      0
    ],
    [
      1,
      0,
      0,
      0,
      1,
      0,
      0,
      2,
      0,
      0,
      0,
      0,
      0,
      139,
      1,
      0,
      0,
      4,
      0,
      2,
      0,
      0
    ],
    [
      2,
      2,
      1,
      3,
      6,
      1,
      0,
      2,
      0,
      0,
      5,
      1,
      0,
      1,
      123,
      1,
      2,
      0,
      0,
      0,
      0,
      0
    ],
    [
      0,
      1,
      0,
      0,
      1,
      0,
      0,
      0,
      0,
      0,
      0,
      0,
      0,
      0,
      0,
      146,
      0,
      1,
      0,
      1,
      0,
      0
    ],
    [
      0,
      1,
      0,
      0,
      0,
      0,
      0,
      1,
      0,
      0,
      0,
      1,
      1,
      0,
      0,
      1,
      145,
      0,
      0,
      0,
      0,
      0
    ],
    [
      0,
      1,
      0,
      0,
      0,
      4,
      0,
      0,
      1,
      1,
      2,
      2,
      0,
      1,
      2,
      2,
      0,
      123,
      0,
      6,
      4,
      1
    ],
    [
      0,
      1,
      0,
      1,
      1,
      0,
      0,
      0,
      0,
      1,
      0,
      1,
      0,
      0,
      7,
      0,
      2,
      1,
      126,
      0,
      8,
      1
    ],
    [
      0,
      0,
      2,
      0,
      0,
      3,
      0,
      6,
      3,
      0,
      0,
      1,
      0,
      0,
      1,
      1,
      1,
      1,
      0,
      130,
      1,
      0
    ],
    [
      0,
      0,
      0,
      0,
      0,
      1,
      0,
      0,
      2,
      0,
      0,
      0,
      0,
      0,
      1,
      0,
      4,
      4,
      8,
      0,
      129,
      1
    ],
    [
      0,
      0,
      0,
      0,
      0,
      4,
      16,
      6,
      0,
      0,
      0,
      6,
      0,
      0,
      0,
      0,
      0,
      0,
      0,
      2,
      1,
      115
    ]
  ],
  "classification_report_text": "                      precision    recall  f1-score   support\n\n             Bahrain     0.9452    0.9200    0.9324       150\n              Kuwait     0.8805    0.9333    0.9061       150\n                Oman     0.9220    0.8667    0.8935       150\n               Qatar     0.9320    0.9133    0.9226       150\n        Saudi Arabia     0.9091    0.9333    0.9211       150\nUnited Arab Emirates     0.8365    0.8867    0.8608       150\n               Yemen     0.8273    0.7667    0.7958       150\n                Iraq     0.7143    0.9333    0.8092       150\n              Jordan     0.9297    0.7933    0.8561       150\n             Lebanon     0.9510    0.9067    0.9283       150\n           Palestine     0.9145    0.9267    0.9205       150\n               Syria     0.8389    0.8333    0.8361       150\n             Algeria     0.9299    0.9733    0.9511       150\n               Libya     0.9789    0.9267    0.9521       150\n          Mauritania     0.8662    0.8200    0.8425       150\n             Morocco     0.9125    0.9733    0.9419       150\n             Tunisia     0.8286    0.9667    0.8923       150\n             Comoros     0.8311    0.8200    0.8255       150\n            Djibouti     0.9265    0.8400    0.8811       150\n               Egypt     0.8075    0.8667    0.8360       150\n             Somalia     0.8836    0.8600    0.8716       150\n               Sudan     0.9583    0.7667    0.8519       150\n\n            accuracy                         0.8830      3300\n           macro avg     0.8875    0.8830    0.8831      3300\n        weighted avg     0.8875    0.8830    0.8831      3300\n",
  "window": "3s_5crop"
}