{
  "accuracy": 0.9251515151515152,
  "f1_macro": 0.9251449331293791,
  "f1_weighted": 0.9251449331293791,
  "per_class_f1": [
    0.9664429530201343,
    0.9536423841059603,
    0.9395973154362416,
    0.9629629629629629,
    0.9438943894389439,
    0.8925081433224755,
    0.8620689655172413,
    0.8867924528301887,
    0.8986486486486487,
    0.9556313993174061,
    0.9662162162162162,
    0.903448275862069,
    0.9834983498349835,
    0.9765886287625418,
    0.9403973509933775,
    0.9607843137254902,
    0.9453376205787781,
    0.86084142394822,
    0.9016949152542373,
    0.8782051282051282,
    0.8912280701754386,
    0.8827586206896552
  ],
  "confusion_matrix": [
    [
      144,
      1,
      3,
      0,
      0,
      1,
      0,
      1,
      0,
      0,
      0,
      0,
      0,
      0,
      0,
      0,
      0,
      0,
      0,
      0,
      0,
      0
    ],
    [
      0,
      144,
      0,
      0,
      4,
      1,
      0,
      0,
      0,
      0,
      0,
      0,
      1,
      0,
      0,
      0,
      0,
      0,
      0,
      0,
      0,
      0
    ],
    [
      0,
      0,
      140,
      0,
      0,
      0,
      0,
      1,
      3,
      0,
      0,
      3,
      0,
      0,
      0,
      0,
      0,
      0,
      0,
      3,
      0,
      0
    ],
    [
      0,
      0,
      0,
      143,
      0,
      2,
      0,
      1,
      0,
      0,
      1,
      1,
      1,
      0,
      0,
      0,
      0,
      1,
      0,
      0,
      0,
      0
    ],
    [
      0,
      0,
      0,
      0,
      143,
      0,
      0,
      1,
      0,
      0,
      2,
      0,
      0,
      0,
      0,
      0,
      0,
      1,
      1,
      1,
      1,
      0
    ],
    [
      0,
      0,
      0,
      2,
      0,
      137,
      0,
      1,
      0,
      0,
      0,
      0,
      0,
      0,
      3,
      0,
      1,
      4,
      0,
      0,
      2,
      0
    ],
    [
      0,
      2,
      1,
      0,
      0,
      5,
      125,
      5,
      0,
      1,
      0,
      1,
      0,
      0,
      0,
      1,
      1,
      1,
      0,
      3,
      0,
      4
    ],
    [
      1,
      0,
      0,
      0,
      1,
      0,
      0,
      141,
      0,
      0,
      0,
      0,
      0,
      1,
      0,
      0,
      1,
      0,
      0,
      5,
      0,
      0
    ],
    [
      0,
      1,
      0,
      0,
      0,
      1,
      2,
      0,
      133,
      0,
      0,
      2,
      0,
      0,
      0,
      2,
      2,
      3,
      0,
      4,
      0,
      0
    ],
    [
      0,
      0,
      0,
      1,
      0,
      0,
      0,
      0,
      0,
      140,
      0,
      0,
      1,
      0,
      0,
      3,
      3,
      1,
      0,
      0,
      1,
      0
    ],
    [
      1,
      0,
      1,
      0,
      0,
      0,
      1,
      0,
      0,
      0,
      143,
      0,
      0,
      0,
      0,
      0,
      0,
      2,
      0,
      1,
      0,
      1
    ],
    [
      1,
      0,
      1,
      0,
      1,
      1,
      1,
      7,
      1,
      0,
      0,
      131,
      0,
      0,
      0,
      0,
      0,
      3,
      0,
      0,
      0,
      3
    ],
    [
      0,
      0,
      0,
      0,
      0,
      0,
      0,
      0,
      0,
      0,
      0,
      0,
      149,
      0,
      0,
      0,
      1,
      0,
      0,
      0,
      0,
      0
    ],
    [
      0,
      0,
      0,
      0,
      0,
      0,
      0,
      0,
      0,
      0,
      0,
      0,
      0,
      146,
      0,
      0,
      0,
      3,
      0,
      0,
      0,
      1
    ],
    [
      1,
      0,
      1,
      0,
      3,
      3,
      0,
      0,
      0,
      0,
      0,
      0,
      0,
      0,
      142,
      0,
      0,
      0,
      0,
      0,
      0,
      0
    ],
    [
      0,
      2,
      0,
      0,
      1,
      0,
      0,
      0,
      0,
      0,
      0,
      0,
      0,
      0,
      0,
      147,
      0,
      0,
      0,
      0,
      0,
      0
    ],
    [
      0,
      0,
      0,
      0,
      0,
      0,
      0,
      0,
      1,
      0,
      0,
      0,
      1,
      0,
      0,
      1,
      147,
      0,
      0,
      0,
      0,
      0
    ],
    [
      0,
      0,
      0,
      0,
      0,
      2,
      0,
      1,
      1,
      2,
      0,
      0,
      0,
      2,
      2,
      1,
      0,
      133,
      0,
      4,
      0,
      2
    ],
    [
      0,
      2,
      1,
      1,
      0,
      0,
      0,
      0,
      0,
      0,
      0,
      1,
      0,
      0,
      5,
      0,
      0,
      1,
      133,
      3,
      2,
      1
    ],
    [
      0,
      0,
      0,
      0,
      0,
      1,
      0,
      1,
      5,
      0,
      0,
      1,
      0,
      0,
      0,
      1,
      1,
      2,
      0,
      137,
      1,
      0
    ],
    [
      0,
      0,
      0,
      0,
      0,
      1,
      0,
      0,
      2,
      0,
      0,
      0,
      0,
      0,
      0,
      0,
      4,
      4,
      11,
      1,
      127,
      0
    ],
    [
      0,
      0,
      0,
      0,
      0,
      2,
      11,
      8,
      0,
      0,
      0,
      0,
      0,
      0,
      0,
      0,
      0,
      0,
      0,
      0,
      1,
      128
    ]
  ],
  "classification_report_text": "                      precision    recall  f1-score   support\n\n             Bahrain     0.9730    0.9600    0.9664       150\n              Kuwait     0.9474    0.9600    0.9536       150\n                Oman     0.9459    0.9333    0.9396       150\n               Qatar     0.9728    0.9533    0.9630       150\n        Saudi Arabia     0.9346    0.9533    0.9439       150\nUnited Arab Emirates     0.8726    0.9133    0.8925       150\n               Yemen     0.8929    0.8333    0.8621       150\n                Iraq     0.8393    0.9400    0.8868       150\n              Jordan     0.9110    0.8867    0.8986       150\n             Lebanon     0.9790    0.9333    0.9556       150\n           Palestine     0.9795    0.9533    0.9662       150\n               Syria     0.9357    0.8733    0.9034       150\n             Algeria     0.9739    0.9933    0.9835       150\n               Libya     0.9799    0.9733    0.9766       150\n          Mauritania     0.9342    0.9467    0.9404       150\n             Morocco     0.9423    0.9800    0.9608       150\n             Tunisia     0.9130    0.9800    0.9453       150\n             Comoros     0.8365    0.8867    0.8608       150\n            Djibouti     0.9172    0.8867    0.9017       150\n               Egypt     0.8457    0.9133    0.8782       150\n             Somalia     0.9407    0.8467    0.8912       150\n               Sudan     0.9143    0.8533    0.8828       150\n\n            accuracy                         0.9252      3300\n           macro avg     0.9264    0.9252    0.9251      3300\n        weighted avg     0.9264    0.9252    0.9251      3300\n",
  "window": "7s"
}