{
  "params_m": 10.730046,
  "latency_ms_per_forward": 46.122193336486816
}