{
  "accuracy": 0.980909090909091,
  "f1_macro": 0.9808844773830923,
  "f1_weighted": 0.9808844773830926,
  "per_class_f1": [
    0.9966777408637874,
    0.9966777408637874,
    0.9767441860465116,
    0.9933774834437086,
    0.98989898989899,
    0.9731543624161074,
    0.9866666666666667,
    0.9735099337748344,
    0.9801324503311258,
    0.9933774834437086,
    0.9933774834437086,
    0.976271186440678,
    0.9900332225913622,
    0.9866666666666667,
    0.9933333333333333,
    0.9866666666666667,
    0.9865771812080537,
    0.9565217391304348,
    0.9539473684210527,
    0.9562289562289562,
    0.9562289562289562,
    0.9833887043189369
  ],
  "confusion_matrix": [
    [
      150,
      0,
      0,
      0,
      0,
      0,
      0,
      0,
      0,
      0,
      0,
      0,
      0,
      0,
      0,
      0,
      0,
      0,
      0,
      0,
      0,
      0
    ],
    [
      0,
      150,
      0,
      0,
      0,
      0,
      0,
      0,
      0,
      0,
      0,
      0,
      0,
      0,
      0,
      0,
      0,
      0,
      0,
      0,
      0,
      0
    ],
    [
      0,
      0,
      147,
      0,
      0,
      0,
      0,
      1,
      0,
      0,
      0,
      0,
      0,
      0,
      0,
      0,
      0,
      1,
      1,
      0,
      0,
      0
    ],
    [
      0,
      0,
      0,
      150,
      0,
      0,
      0,
      0,
      0,
      0,
      0,
      0,
      0,
      0,
      0,
      0,
      0,
      0,
      0,
      0,
      0,
      0
    ],
    [
      0,
      0,
      0,
      0,
      147,
      0,
      0,
      1,
      0,
      0,
      0,
      0,
      0,
      1,
      0,
      0,
      0,
      0,
      0,
      0,
      1,
      0
    ],
    [
      0,
      0,
      1,
      1,
      0,
      145,
      0,
      1,
      0,
      1,
      0,
      0,
      0,
      0,
      0,
      0,
      0,
      0,
      0,
      1,
      0,
      0
    ],
    [
      0,
      0,
      0,
      0,
      0,
      0,
      148,
      0,
      0,
      0,
      0,
      0,
      0,
      0,
      0,
      0,
      0,
      1,
      0,
      0,
      0,
      1
    ],
    [
      0,
      0,
      0,
      0,
      0,
      0,
      1,
      147,
      0,
      1,
      0,
      0,
      0,
      0,
      0,
      0,
      0,
      0,
      1,
      0,
      0,
      0
    ],
    [
      0,
      0,
      0,
      0,
      0,
      0,
      0,
      0,
      148,
      0,
      0,
      0,
      0,
      0,
      0,
      1,
      0,
      0,
      0,
      1,
      0,
      0
    ],
    [
      0,
      0,
      0,
      0,
      0,
      0,
      0,
      0,
      0,
      150,
      0,
      0,
      0,
      0,
      0,
      0,
      0,
      0,
      0,
      0,
      0,
      0
    ],
    [
      0,
      0,
      0,
      0,
      0,
      0,
      0,
      0,
      0,
      0,
      150,
      0,
      0,
      0,
      0,
      0,
      0,
      0,
      0,
      0,
      0,
      0
    ],
    [
      0,
      0,
      0,
      1,
      0,
      0,
      0,
      1,
      1,
      0,
      1,
      144,
      1,
      0,
      0,
      0,
      0,
      1,
      0,
      0,
      0,
      0
    ],
    [
      0,
      0,
      0,
      0,
      0,
      0,
      0,
      0,
      0,
      0,
      1,
      0,
      149,
      0,
      0,
      0,
      0,
      0,
      0,
      0,
      0,
      0
    ],
    [
      0,
      0,
      0,
      0,
      0,
      1,
      0,
      0,
      0,
      0,
      0,
      0,
      0,
      148,
      0,
      0,
      0,
      1,
      0,
      0,
      0,
      0
    ],
    [
      0,
      0,
      0,
      0,
      0,
      0,
      0,
      0,
      0,
      0,
      0,
      0,
      0,
      0,
      149,
      1,
      0,
      0,
      0,
      0,
      0,
      0
    ],
    [
      0,
      0,
      0,
      0,
      0,
      0,
      0,
      0,
      0,
      0,
      0,
      0,
      0,
      0,
      1,
      148,
      0,
      1,
      0,
      0,
      0,
      0
    ],
    [
      0,
      1,
      0,
      0,
      0,
      0,
      0,
      0,
      1,
      0,
      0,
      0,
      0,
      0,
      0,
      0,
      147,
      0,
      0,
      1,
      0,
      0
    ],
    [
      0,
      0,
      2,
      0,
      0,
      1,
      0,
      0,
      0,
      0,
      0,
      0,
      0,
      1,
      0,
      0,
      0,
      143,
      0,
      1,
      0,
      2
    ],
    [
      0,
      0,
      0,
      0,
      0,
      0,
      0,
      0,
      0,
      0,
      0,
      0,
      0,
      0,
      0,
      0,
      1,
      0,
      145,
      1,
      3,
      0
    ],
    [
      1,
      0,
      1,
      0,
      0,
      1,
      0,
      0,
      2,
      0,
      0,
      1,
      0,
      0,
      0,
      0,
      0,
      1,
      0,
      142,
      1,
      0
    ],
    [
      0,
      0,
      0,
      0,
      0,
      0,
      0,
      0,
      0,
      0,
      0,
      0,
      1,
      0,
      0,
      0,
      0,
      0,
      7,
      0,
      142,
      0
    ],
    [
      0,
      0,
      0,
      0,
      0,
      0,
      1,
      1,
      0,
      0,
      0,
      0,
      0,
      0,
      0,
      0,
      0,
      0,
      0,
      0,
      0,
      148
    ]
  ],
  "classification_report_text": "                      precision    recall  f1-score   support\n\n             Bahrain     0.9934    1.0000    0.9967       150\n              Kuwait     0.9934    1.0000    0.9967       150\n                Oman     0.9735    0.9800    0.9767       150\n               Qatar     0.9868    1.0000    0.9934       150\n        Saudi Arabia     1.0000    0.9800    0.9899       150\nUnited Arab Emirates     0.9797    0.9667    0.9732       150\n               Yemen     0.9867    0.9867    0.9867       150\n                Iraq     0.9671    0.9800    0.9735       150\n              Jordan     0.9737    0.9867    0.9801       150\n             Lebanon     0.9868    1.0000    0.9934       150\n           Palestine     0.9868    1.0000    0.9934       150\n               Syria     0.9931    0.9600    0.9763       150\n             Algeria     0.9868    0.9933    0.9900       150\n               Libya     0.9867    0.9867    0.9867       150\n          Mauritania     0.9933    0.9933    0.9933       150\n             Morocco     0.9867    0.9867    0.9867       150\n             Tunisia     0.9932    0.9800    0.9866       150\n             Comoros     0.9597    0.9533    0.9565       150\n            Djibouti     0.9416    0.9667    0.9539       150\n               Egypt     0.9660    0.9467    0.9562       150\n             Somalia     0.9660    0.9467    0.9562       150\n               Sudan     0.9801    0.9867    0.9834       150\n\n            accuracy                         0.9809      3300\n           macro avg     0.9810    0.9809    0.9809      3300\n        weighted avg     0.9810    0.9809    0.9809      3300\n",
  "window": "3s_center"
}