{
  "accuracy": 0.9839393939393939,
  "f1_macro": 0.9839394714859047,
  "f1_weighted": 0.9839394714859049,
  "per_class_f1": [
    0.9966777408637874, 1.0, 0.9765886287625418, 1.0, 0.9865771812080537,
    0.9765886287625418, 0.9933333333333333, 0.9833887043189369,
    0.9767441860465116, 0.9933774834437086, 0.9966777408637874, 0.98,
    0.9933333333333333, 0.9865771812080537, 0.9966555183946488,
    0.9966555183946488, 0.9933333333333333, 0.9632107023411371,
    0.9573770491803278, 0.9562289562289562, 0.9632107023411371,
    0.9801324503311258
  ],
  "confusion_matrix": [
    [150, 0, 0, 0, 0, 0, 0, 0, 0, 0, 0, 0, 0, 0, 0, 0, 0, 0, 0, 0, 0, 0],
    [0, 150, 0, 0, 0, 0, 0, 0, 0, 0, 0, 0, 0, 0, 0, 0, 0, 0, 0, 0, 0, 0],
    [0, 0, 146, 0, 0, 0, 0, 1, 0, 0, 0, 0, 0, 0, 0, 0, 0, 1, 1, 0, 0, 1],
    [0, 0, 0, 150, 0, 0, 0, 0, 0, 0, 0, 0, 0, 0, 0, 0, 0, 0, 0, 0, 0, 0],
    [0, 0, 0, 0, 147, 0, 0, 1, 0, 0, 0, 0, 0, 0, 0, 0, 0, 0, 0, 0, 2, 0],
    [0, 0, 1, 0, 0, 146, 0, 0, 0, 1, 0, 0, 0, 0, 0, 0, 0, 0, 1, 1, 0, 0],
    [0, 0, 0, 0, 0, 0, 149, 0, 0, 0, 0, 0, 0, 0, 0, 0, 0, 0, 0, 1, 0, 0],
    [0, 0, 0, 0, 0, 0, 0, 148, 0, 1, 0, 0, 0, 0, 0, 0, 0, 0, 0, 0, 0, 1],
    [0, 0, 0, 0, 0, 0, 0, 0, 147, 0, 0, 0, 0, 0, 0, 0, 0, 0, 0, 2, 0, 1],
    [0, 0, 0, 0, 0, 0, 0, 0, 0, 150, 0, 0, 0, 0, 0, 0, 0, 0, 0, 0, 0, 0],
    [0, 0, 0, 0, 0, 0, 0, 0, 0, 0, 150, 0, 0, 0, 0, 0, 0, 0, 0, 0, 0, 0],
    [0, 0, 0, 0, 0, 0, 0, 0, 1, 0, 0, 147, 1, 0, 0, 0, 0, 1, 0, 0, 0, 0],
    [0, 0, 0, 0, 0, 0, 0, 0, 0, 0, 1, 0, 149, 0, 0, 0, 0, 0, 0, 0, 0, 0],
    [0, 0, 0, 0, 0, 1, 0, 0, 0, 0, 0, 0, 0, 147, 0, 0, 0, 2, 0, 0, 0, 0],
    [0, 0, 0, 0, 1, 0, 0, 0, 0, 0, 0, 0, 0, 0, 149, 0, 0, 0, 0, 0, 0, 0],
    [0, 0, 0, 0, 0, 0, 0, 0, 0, 0, 0, 0, 0, 0, 0, 149, 0, 0, 1, 0, 0, 0],
    [0, 0, 0, 0, 0, 0, 0, 0, 1, 0, 0, 0, 0, 0, 0, 0, 149, 0, 0, 0, 0, 0],
    [0, 0, 2, 0, 0, 1, 0, 0, 0, 0, 0, 1, 0, 1, 0, 0, 0, 144, 0, 1, 0, 0],
    [0, 0, 0, 0, 0, 0, 0, 0, 0, 0, 0, 0, 0, 0, 0, 0, 1, 0, 146, 0, 3, 0],
    [1, 0, 0, 0, 0, 1, 0, 0, 2, 0, 0, 2, 0, 0, 0, 0, 0, 1, 0, 142, 0, 1],
    [0, 0, 0, 0, 0, 0, 0, 0, 0, 0, 0, 0, 0, 0, 0, 0, 0, 0, 6, 0, 144, 0],
    [0, 0, 0, 0, 0, 0, 1, 1, 0, 0, 0, 0, 0, 0, 0, 0, 0, 0, 0, 0, 0, 148]
  ],
  "classification_report_text": "                      precision    recall  f1-score   support\n\n             Bahrain     0.9934    1.0000    0.9967       150\n              Kuwait     1.0000    1.0000    1.0000       150\n                Oman     0.9799    0.9733    0.9766       150\n               Qatar     1.0000    1.0000    1.0000       150\n        Saudi Arabia     0.9932    0.9800    0.9866       150\nUnited Arab Emirates     0.9799    0.9733    0.9766       150\n               Yemen     0.9933    0.9933    0.9933       150\n                Iraq     0.9801    0.9867    0.9834       150\n              Jordan     0.9735    0.9800    0.9767       150\n             Lebanon     0.9868    1.0000    0.9934       150\n           Palestine     0.9934    1.0000    0.9967       150\n               Syria     0.9800    0.9800    0.9800       150\n             Algeria     0.9933    0.9933    0.9933       150\n               Libya     0.9932    0.9800    0.9866       150\n          Mauritania     1.0000    0.9933    0.9967       150\n             Morocco     1.0000    0.9933    0.9967       150\n             Tunisia     0.9933    0.9933    0.9933       150\n             Comoros     0.9664    0.9600    0.9632       150\n            Djibouti     0.9419    0.9733    0.9574       150\n               Egypt     0.9660    0.9467    0.9562       150\n             Somalia     0.9664    0.9600    0.9632       150\n               Sudan     0.9737    0.9867    0.9801       150\n\n            accuracy                         0.9839      3300\n           macro avg     0.9840    0.9839    0.9839      3300\n        weighted avg     0.9840    0.9839    0.9839      3300\n",
  "window": "3s_5crop"
}
