{
  "params_m": 11.181526,
  "latency_ms_per_forward": 18.365025520324707
}