{
  "accuracy": 0.9709090909090909,
  "f1_macro": 0.9710069832707297,
  "f1_weighted": 0.9710069832707298,
  "per_class_f1": [
    0.9867549668874173,
    0.9866666666666667,
    0.9696969696969697,
    0.9966555183946488,
    0.9899665551839465,
    0.9480968858131488,
    0.9798657718120806,
    0.9764309764309764,
    0.9664429530201343,
    0.9696969696969697,
    0.9932885906040269,
    0.9570957095709571,
    0.9933333333333333,
    0.9801324503311258,
    0.9832775919732442,
    0.976271186440678,
    0.9802631578947368,
    0.9308176100628931,
    0.9387755102040817,
    0.9311475409836065,
    0.9573770491803278,
    0.9700996677740864
  ],
  "confusion_matrix": [
    [
      149,
      0,
      0,
      0,
      0,
      0,
      0,
      0,
      0,
      0,
      0,
      0,
      0,
      0,
      0,
      0,
      0,
      0,
      0,
      0,
      0,
      1
    ],
    [
      0,
      148,
      0,
      0,
      0,
      0,
      0,
      0,
      0,
      0,
      0,
      0,
      0,
      0,
      0,
      0,
      0,
      0,
      0,
      1,
      1,
      0
    ],
    [
      0,
      0,
      144,
      0,
      0,
      0,
      0,
      0,
      2,
      0,
      0,
      0,
      0,
      1,
      1,
      0,
      0,
      1,
      0,
      0,
      0,
      1
    ],
    [
      0,
      0,
      0,
      149,
      0,
      0,
      0,
      0,
      0,
      0,
      0,
      1,
      0,
      0,
      0,
      0,
      0,
      0,
      0,
      0,
      0,
      0
    ],
    [
      0,
      0,
      0,
      0,
      148,
      0,
      0,
      0,
      0,
      0,
      0,
      0,
      0,
      0,
      0,
      0,
      0,
      1,
      0,
      0,
      1,
      0
    ],
    [
      0,
      0,
      0,
      0,
      0,
      137,
      0,
      0,
      0,
      0,
      0,
      0,
      0,
      1,
      0,
      0,
      0,
      7,
      0,
      4,
      0,
      1
    ],
    [
      0,
      0,
      0,
      0,
      0,
      0,
      146,
      0,
      0,
      0,
      0,
      1,
      0,
      0,
      0,
      0,
      0,
      2,
      0,
      0,
      1,
      0
    ],
    [
      0,
      0,
      0,
      0,
      0,
      0,
      0,
      145,
      0,
      0,
      0,
      1,
      0,
      0,
      0,
      0,
      3,
      0,
      0,
      0,
      0,
      1
    ],
    [
      0,
      0,
      1,
      0,
      0,
      0,
      0,
      1,
      144,
      0,
      0,
      0,
      0,
      0,
      0,
      0,
      0,
      2,
      0,
      1,
      1,
      0
    ],
    [
      2,
      0,
      0,
      0,
      0,
      0,
      0,
      0,
      2,
      144,
      0,
      1,
      0,
      0,
      0,
      0,
      0,
      0,
      0,
      1,
      0,
      0
    ],
    [
      0,
      0,
      1,
      0,
      0,
      0,
      0,
      0,
      0,
      0,
      148,
      0,
      0,
      1,
      0,
      0,
      0,
      0,
      0,
      0,
      0,
      0
    ],
    [
      0,
      0,
      0,
      0,
      0,
      0,
      1,
      1,
      0,
      0,
      0,
      145,
      1,
      0,
      0,
      0,
      0,
      0,
      1,
      1,
      0,
      0
    ],
    [
      0,
      0,
      0,
      0,
      0,
      0,
      0,
      0,
      0,
      0,
      0,
      0,
      149,
      1,
      0,
      0,
      0,
      0,
      0,
      0,
      0,
      0
    ],
    [
      0,
      0,
      0,
      0,
      0,
      0,
      0,
      0,
      0,
      0,
      0,
      0,
      0,
      148,
      0,
      0,
      0,
      1,
      0,
      1,
      0,
      0
    ],
    [
      0,
      0,
      0,
      0,
      0,
      0,
      0,
      0,
      0,
      1,
      0,
      0,
      0,
      0,
      147,
      1,
      0,
      0,
      1,
      0,
      0,
      0
    ],
    [
      0,
      0,
      0,
      0,
      0,
      0,
      0,
      0,
      0,
      0,
      0,
      0,
      0,
      0,
      0,
      144,
      2,
      1,
      0,
      3,
      0,
      0
    ],
    [
      0,
      0,
      0,
      0,
      0,
      0,
      0,
      0,
      0,
      0,
      0,
      0,
      0,
      0,
      0,
      0,
      149,
      1,
      0,
      0,
      0,
      0
    ],
    [
      0,
      0,
      0,
      0,
      0,
      1,
      0,
      0,
      0,
      0,
      0,
      0,
      0,
      0,
      0,
      0,
      0,
      148,
      0,
      0,
      1,
      0
    ],
    [
      1,
      2,
      1,
      0,
      1,
      0,
      0,
      0,
      0,
      2,
      0,
      0,
      0,
      0,
      1,
      0,
      0,
      0,
      138,
      1,
      3,
      0
    ],
    [
      0,
      0,
      0,
      0,
      0,
      1,
      0,
      0,
      0,
      0,
      0,
      3,
      0,
      0,
      0,
      0,
      0,
      3,
      0,
      142,
      0,
      1
    ],
    [
      0,
      0,
      0,
      0,
      0,
      0,
      0,
      0,
      0,
      0,
      0,
      0,
      0,
      0,
      0,
      0,
      0,
      0,
      4,
      0,
      146,
      0
    ],
    [
      0,
      0,
      0,
      0,
      0,
      0,
      1,
      0,
      0,
      0,
      0,
      1,
      0,
      0,
      0,
      0,
      0,
      1,
      0,
      0,
      1,
      146
    ]
  ],
  "classification_report_text": "                      precision    recall  f1-score   support\n\n             Bahrain     0.9803    0.9933    0.9868       150\n              Kuwait     0.9867    0.9867    0.9867       150\n                Oman     0.9796    0.9600    0.9697       150\n               Qatar     1.0000    0.9933    0.9967       150\n        Saudi_Arabia     0.9933    0.9867    0.9900       150\nUnited_Arab_Emirates     0.9856    0.9133    0.9481       150\n               Yemen     0.9865    0.9733    0.9799       150\n                Iraq     0.9864    0.9667    0.9764       150\n              Jordan     0.9730    0.9600    0.9664       150\n             Lebanon     0.9796    0.9600    0.9697       150\n           Palestine     1.0000    0.9867    0.9933       150\n               Syria     0.9477    0.9667    0.9571       150\n             Algeria     0.9933    0.9933    0.9933       150\n               Libya     0.9737    0.9867    0.9801       150\n          Mauritania     0.9866    0.9800    0.9833       150\n             Morocco     0.9931    0.9600    0.9763       150\n             Tunisia     0.9675    0.9933    0.9803       150\n             Comoros     0.8810    0.9867    0.9308       150\n            Djibouti     0.9583    0.9200    0.9388       150\n               Egypt     0.9161    0.9467    0.9311       150\n             Somalia     0.9419    0.9733    0.9574       150\n               Sudan     0.9669    0.9733    0.9701       150\n\n            accuracy                         0.9709      3300\n           macro avg     0.9717    0.9709    0.9710      3300\n        weighted avg     0.9717    0.9709    0.9710      3300\n",
  "window": "3s_center"
}