{
  "params_m": 23.546838,
  "latency_ms_per_forward": 60.695528984069824
}