{
  "accuracy": 0.9712121212121212,
  "f1_macro": 0.9712585039919456,
  "f1_weighted": 0.9712585039919452,
  "per_class_f1": [
    0.9733333333333334,
    0.9832775919732442,
    0.9403973509933775,
    0.9731543624161074,
    0.98,
    0.9477124183006536,
    0.958904109589041,
    0.9736842105263158,
    0.9702970297029703,
    0.9644012944983819,
    0.9834983498349835,
    0.9487179487179487,
    0.9899665551839465,
    0.9833887043189369,
    0.9629629629629629,
    0.9831649831649831,
    0.9865771812080537,
    0.9831649831649831,
    0.9517241379310345,
    0.9832775919732442,
    0.9798657718120806,
    0.9662162162162162
  ],
  "confusion_matrix": [
    [
      146,
      0,
      2,
      0,
      0,
      0,
      0,
      0,
      0,
      1,
      0,
      0,
      0,
      0,
      1,
      0,
      0,
      0,
      0,
      0,
      0,
      0
    ],
    [
      0,
      147,
      0,
      0,
      0,
      0,
      0,
      0,
      1,
      0,
      0,
      0,
      0,
      1,
      1,
      0,
      0,
      0,
      0,
      0,
      0,
      0
    ],
    [
      0,
      0,
      142,
      0,
      0,
      2,
      0,
      0,
      4,
      0,
      0,
      1,
      0,
      0,
      0,
      0,
      0,
      0,
      0,
      1,
      0,
      0
    ],
    [
      0,
      0,
      0,
      145,
      0,
      2,
      0,
      0,
      0,
      0,
      1,
      0,
      1,
      0,
      0,
      0,
      0,
      0,
      0,
      0,
      0,
      1
    ],
    [
      0,
      0,
      1,
      0,
      147,
      0,
      0,
      0,
      0,
      1,
      0,
      0,
      0,
      0,
      1,
      0,
      0,
      0,
      0,
      0,
      0,
      0
    ],
    [
      0,
      0,
      2,
      0,
      0,
      145,
      0,
      0,
      0,
      0,
      0,
      1,
      0,
      0,
      1,
      0,
      0,
      0,
      0,
      0,
      1,
      0
    ],
    [
      0,
      1,
      1,
      0,
      0,
      0,
      140,
      1,
      0,
      0,
      0,
      5,
      0,
      0,
      0,
      0,
      0,
      0,
      0,
      0,
      0,
      2
    ],
    [
      0,
      0,
      1,
      0,
      0,
      0,
      0,
      148,
      0,
      1,
      0,
      0,
      0,
      0,
      0,
      0,
      0,
      0,
      0,
      0,
      0,
      0
    ],
    [
      0,
      1,
      0,
      0,
      0,
      1,
      0,
      0,
      147,
      0,
      0,
      0,
      0,
      0,
      0,
      0,
      0,
      0,
      1,
      0,
      0,
      0
    ],
    [
      0,
      0,
      0,
      0,
      0,
      0,
      0,
      0,
      0,
      149,
      1,
      0,
      0,
      0,
      0,
      0,
      0,
      0,
      0,
      0,
      0,
      0
    ],
    [
      0,
      0,
      0,
      0,
      0,
      1,
      0,
      0,
      0,
      0,
      149,
      0,
      0,
      0,
      0,
      0,
      0,
      0,
      0,
      0,
      0,
      0
    ],
    [
      0,
      0,
      0,
      0,
      0,
      2,
      0,
      0,
      0,
      0,
      0,
      148,
      0,
      0,
      0,
      0,
      0,
      0,
      0,
      0,
      0,
      0
    ],
    [
      0,
      0,
      0,
      0,
      0,
      1,
      0,
      0,
      0,
      1,
      0,
      0,
      148,
      0,
      0,
      0,
      0,
      0,
      0,
      0,
      0,
      0
    ],
    [
      1,
      0,
      0,
      1,
      0,
      0,
      0,
      0,
      0,
      0,
      0,
      0,
      0,
      148,
      0,
      0,
      0,
      0,
      0,
      0,
      0,
      0
    ],
    [
      1,
      0,
      1,
      0,
      3,
      0,
      0,
      0,
      1,
      0,
      0,
      0,
      0,
      1,
      143,
      0,
      0,
      0,
      0,
      0,
      0,
      0
    ],
    [
      0,
      0,
      1,
      0,
      0,
      1,
      0,
      1,
      0,
      0,
      0,
      0,
      0,
      0,
      0,
      146,
      0,
      1,
      0,
      0,
      0,
      0
    ],
    [
      0,
      0,
      1,
      1,
      0,
      0,
      0,
      0,
      0,
      0,
      0,
      0,
      0,
      0,
      0,
      0,
      147,
      0,
      0,
      0,
      1,
      0
    ],
    [
      0,
      0,
      0,
      0,
      0,
      0,
      1,
      0,
      0,
      0,
      1,
      2,
      0,
      0,
      0,
      0,
      0,
      146,
      0,
      0,
      0,
      0
    ],
    [
      2,
      0,
      0,
      0,
      0,
      1,
      1,
      0,
      0,
      5,
      1,
      1,
      0,
      1,
      0,
      0,
      0,
      0,
      138,
      0,
      0,
      0
    ],
    [
      0,
      0,
      0,
      1,
      0,
      0,
      0,
      0,
      0,
      0,
      0,
      2,
      0,
      0,
      0,
      0,
      0,
      0,
      0,
      147,
      0,
      0
    ],
    [
      0,
      0,
      0,
      0,
      0,
      0,
      0,
      0,
      0,
      1,
      0,
      1,
      0,
      0,
      0,
      1,
      0,
      0,
      1,
      0,
      146,
      0
    ],
    [
      0,
      0,
      0,
      0,
      0,
      0,
      0,
      4,
      0,
      0,
      0,
      1,
      0,
      0,
      0,
      0,
      1,
      0,
      0,
      1,
      0,
      143
    ]
  ],
  "classification_report_text": "                      precision    recall  f1-score   support\n\n             Bahrain     0.9733    0.9733    0.9733       150\n              Kuwait     0.9866    0.9800    0.9833       150\n                Oman     0.9342    0.9467    0.9404       150\n               Qatar     0.9797    0.9667    0.9732       150\n        Saudi_Arabia     0.9800    0.9800    0.9800       150\nUnited_Arab_Emirates     0.9295    0.9667    0.9477       150\n               Yemen     0.9859    0.9333    0.9589       150\n                Iraq     0.9610    0.9867    0.9737       150\n              Jordan     0.9608    0.9800    0.9703       150\n             Lebanon     0.9371    0.9933    0.9644       150\n           Palestine     0.9739    0.9933    0.9835       150\n               Syria     0.9136    0.9867    0.9487       150\n             Algeria     0.9933    0.9867    0.9900       150\n               Libya     0.9801    0.9867    0.9834       150\n          Mauritania     0.9728    0.9533    0.9630       150\n             Morocco     0.9932    0.9733    0.9832       150\n             Tunisia     0.9932    0.9800    0.9866       150\n             Comoros     0.9932    0.9733    0.9832       150\n            Djibouti     0.9857    0.9200    0.9517       150\n               Egypt     0.9866    0.9800    0.9833       150\n             Somalia     0.9865    0.9733    0.9799       150\n               Sudan     0.9795    0.9533    0.9662       150\n\n            accuracy                         0.9712      3300\n           macro avg     0.9718    0.9712    0.9713      3300\n        weighted avg     0.9718    0.9712    0.9713      3300\n",
  "window": "3s_center"
}