{
  "params_m": 6.970134,
  "latency_ms_per_forward": 70.41692733764648
}