{
  "params_m": 23.546838,
  "latency_ms_per_forward": 61.53135299682617
}