{
  "params_m": 11.181526,
  "latency_ms_per_forward": 18.987393379211426
}