{
  "params_m": 2.251478,
  "latency_ms_per_forward": 11.715412139892578
}