{
  "accuracy": 0.9836363636363636,
  "f1_macro": 0.9836513606163746,
  "f1_weighted": 0.9836513606163748,
  "per_class_f1": [
    0.9966555183946488,
    0.9868421052631579,
    0.98989898989899,
    0.9966777408637874,
    0.9797297297297297,
    0.976271186440678,
    0.9866666666666667,
    0.9933333333333333,
    0.9866666666666667,
    1.0,
    1.0,
    0.9659863945578231,
    0.9933333333333333,
    0.9736842105263158,
    0.9868421052631579,
    0.9900332225913622,
    1.0,
    0.9764309764309764,
    0.9473684210526315,
    0.9545454545454546,
    0.9659863945578231,
    0.9933774834437086
  ],
  "confusion_matrix": [
    [
      149,
      0,
      0,
      0,
      0,
      0,
      0,
      0,
      0,
      0,
      0,
      0,
      0,
      0,
      0,
      0,
      0,
      0,
      0,
      1,
      0,
      0
    ],
    [
      0,
      150,
      0,
      0,
      0,
      0,
      0,
      0,
      0,
      0,
      0,
      0,
      0,
      0,
      0,
      0,
      0,
      0,
      0,
      0,
      0,
      0
    ],
    [
      0,
      0,
      147,
      0,
      0,
      0,
      0,
      0,
      0,
      0,
      0,
      0,
      0,
      1,
      0,
      0,
      0,
      0,
      1,
      1,
      0,
      0
    ],
    [
      0,
      0,
      0,
      150,
      0,
      0,
      0,
      0,
      0,
      0,
      0,
      0,
      0,
      0,
      0,
      0,
      0,
      0,
      0,
      0,
      0,
      0
    ],
    [
      0,
      0,
      0,
      0,
      145,
      0,
      1,
      0,
      0,
      0,
      0,
      0,
      0,
      1,
      1,
      1,
      0,
      0,
      0,
      1,
      0,
      0
    ],
    [
      0,
      0,
      0,
      1,
      1,
      144,
      0,
      0,
      0,
      0,
      0,
      1,
      0,
      0,
      0,
      0,
      0,
      0,
      1,
      1,
      0,
      1
    ],
    [
      0,
      0,
      0,
      0,
      0,
      0,
      148,
      1,
      0,
      0,
      0,
      0,
      0,
      0,
      0,
      0,
      0,
      0,
      0,
      0,
      1,
      0
    ],
    [
      0,
      0,
      0,
      0,
      0,
      0,
      0,
      149,
      0,
      0,
      0,
      1,
      0,
      0,
      0,
      0,
      0,
      0,
      0,
      0,
      0,
      0
    ],
    [
      0,
      0,
      0,
      0,
      0,
      0,
      0,
      0,
      148,
      0,
      0,
      0,
      0,
      0,
      0,
      0,
      0,
      0,
      0,
      2,
      0,
      0
    ],
    [
      0,
      0,
      0,
      0,
      0,
      0,
      0,
      0,
      0,
      150,
      0,
      0,
      0,
      0,
      0,
      0,
      0,
      0,
      0,
      0,
      0,
      0
    ],
    [
      0,
      0,
      0,
      0,
      0,
      0,
      0,
      0,
      0,
      0,
      150,
      0,
      0,
      0,
      0,
      0,
      0,
      0,
      0,
      0,
      0,
      0
    ],
    [
      0,
      0,
      0,
      0,
      0,
      0,
      1,
      0,
      1,
      0,
      0,
      142,
      1,
      2,
      0,
      0,
      0,
      0,
      2,
      1,
      0,
      0
    ],
    [
      0,
      0,
      0,
      0,
      0,
      0,
      0,
      0,
      0,
      0,
      0,
      0,
      149,
      0,
      0,
      0,
      0,
      1,
      0,
      0,
      0,
      0
    ],
    [
      0,
      0,
      0,
      0,
      0,
      0,
      0,
      0,
      0,
      0,
      0,
      0,
      0,
      148,
      2,
      0,
      0,
      0,
      0,
      0,
      0,
      0
    ],
    [
      0,
      0,
      0,
      0,
      0,
      0,
      0,
      0,
      0,
      0,
      0,
      0,
      0,
      0,
      150,
      0,
      0,
      0,
      0,
      0,
      0,
      0
    ],
    [
      0,
      0,
      0,
      0,
      0,
      0,
      0,
      0,
      0,
      0,
      0,
      0,
      0,
      0,
      0,
      149,
      0,
      0,
      0,
      1,
      0,
      0
    ],
    [
      0,
      0,
      0,
      0,
      0,
      0,
      0,
      0,
      0,
      0,
      0,
      0,
      0,
      0,
      0,
      0,
      150,
      0,
      0,
      0,
      0,
      0
    ],
    [
      0,
      0,
      0,
      0,
      0,
      1,
      0,
      0,
      1,
      0,
      0,
      0,
      0,
      1,
      0,
      0,
      0,
      145,
      0,
      1,
      0,
      1
    ],
    [
      0,
      3,
      0,
      0,
      0,
      0,
      0,
      0,
      0,
      0,
      0,
      0,
      0,
      0,
      0,
      0,
      0,
      0,
      144,
      2,
      1,
      0
    ],
    [
      0,
      0,
      0,
      0,
      0,
      0,
      0,
      0,
      0,
      0,
      0,
      0,
      0,
      0,
      1,
      1,
      0,
      1,
      0,
      147,
      0,
      0
    ],
    [
      0,
      1,
      0,
      0,
      0,
      0,
      0,
      0,
      0,
      0,
      0,
      0,
      0,
      1,
      0,
      0,
      0,
      0,
      6,
      0,
      142,
      0
    ],
    [
      0,
      0,
      0,
      0,
      0,
      0,
      0,
      0,
      0,
      0,
      0,
      0,
      0,
      0,
      0,
      0,
      0,
      0,
      0,
      0,
      0,
      150
    ]
  ],
  "classification_report_text": "                      precision    recall  f1-score   support\n\n             Bahrain     1.0000    0.9933    0.9967       150\n              Kuwait     0.9740    1.0000    0.9868       150\n                Oman     1.0000    0.9800    0.9899       150\n               Qatar     0.9934    1.0000    0.9967       150\n        Saudi_Arabia     0.9932    0.9667    0.9797       150\nUnited_Arab_Emirates     0.9931    0.9600    0.9763       150\n               Yemen     0.9867    0.9867    0.9867       150\n                Iraq     0.9933    0.9933    0.9933       150\n              Jordan     0.9867    0.9867    0.9867       150\n             Lebanon     1.0000    1.0000    1.0000       150\n           Palestine     1.0000    1.0000    1.0000       150\n               Syria     0.9861    0.9467    0.9660       150\n             Algeria     0.9933    0.9933    0.9933       150\n               Libya     0.9610    0.9867    0.9737       150\n          Mauritania     0.9740    1.0000    0.9868       150\n             Morocco     0.9868    0.9933    0.9900       150\n             Tunisia     1.0000    1.0000    1.0000       150\n             Comoros     0.9864    0.9667    0.9764       150\n            Djibouti     0.9351    0.9600    0.9474       150\n               Egypt     0.9304    0.9800    0.9545       150\n             Somalia     0.9861    0.9467    0.9660       150\n               Sudan     0.9868    1.0000    0.9934       150\n\n            accuracy                         0.9836      3300\n           macro avg     0.9839    0.9836    0.9837      3300\n        weighted avg     0.9839    0.9836    0.9837      3300\n",
  "window": "3s_center"
}